Cancer,Meta-analysis,rsid,source_row,signal_id,allele1,allele2,cs_specific_prob,candidate_mass,exclude_reason
BsC,EAS,rs45631539,33,EAS:10_12:cs1,CTGGGAGGCCAAGG,C,1.0,1.0,unresolved_reference_alternate
BsC,EAS,rs11435490,48,EAS:22_17:cs2,G,GC,1.0,1.0,not_SNV
PrC,EAS,rs34092589,66,EAS:2_6:cs6,T,TA,1.0,1.0,not_SNV
PrC,EAS,rs200524100,73,EAS:3_7:cs1,A,AG,0.333333329,0.3333333333333333,not_SNV
PrC,EAS,rs142347077,104,EAS:6_17:cs8,CAA,C,1.0,1.0,not_SNV
PrC,EAS,rs34783892,117,EAS:8_20:cs9,A,ACTCT,1.0,1.0,not_SNV
PrC,EAS,rs112385175,128,EAS:10_24:cs2,CT,C,1.0,1.0,unresolved_reference_alternate
PrC,EAS,rs142383381,148,EAS:14_32:cs1,A,AAAT,1.0,1.0,unresolved_reference_alternate
PrC,EAS,rs150203326,149,EAS:14_32:cs2,G,GTAAT,1.0,1.0,unresolved_reference_alternate
ThC,EAS,rs34847803,167,EAS:3_4:cs2,T,TA,1.0,1.0,not_SNV
ThC,EAS,rs11278847,170,EAS:5_5:cs1,G,GAGCCCACC,1.0,1.0,unresolved_reference_alternate
BsC,EUR,rs35462108,220,EUR:9_10:cs5,A,AGT,0.333333333,0.3333333333333333,unresolved_reference_alternate
BsC,EUR,rs45631539,240,EUR:10_13:cs2,CTGGGAGGCCAAGG,C,1.0,1.0,unresolved_reference_alternate
BsC,EUR,rs112007516,257,EUR:22_19:cs1,T,TCA,0.166666667,0.16666666666666666,unresolved_reference_alternate
BsC,EUR,rs142270009,259,EUR:22_19:cs2,T,TTCCA,0.2,0.2,unresolved_reference_alternate
BsC,EUR,rs143586053,261,EUR:22_19:cs1,CCTT,C,0.166666667,0.16666666666666666,unresolved_reference_alternate
PrC,EUR,rs59030066,268,EUR:2_1:cs2,CT,C,1.0,1.0,unresolved_reference_alternate
PrC,EUR,rs138348628,278,EUR:2_3:cs2,A,AT,0.111111111,0.1111111111111111,not_SNV
PrC,EUR,rs77658498,297,EUR:3_4:cs2,A,ACTT,1.0,1.0,not_SNV
PrC,EUR,rs5792472,322,EUR:11_9:cs2,A,AG,0.166666667,0.16666666666666666,not_SNV
